year,group_size,year_avg_max_temp,year_avg_min_temp,year_avg_mean_temp,year_total_precip,max_temp_of_warmest_month,min_temp_of_coldest_month,temp_annual_range,precip_wettest_month,precip_driest_month,isothermality,mean_temperature_of_wettest_quarter,mean_temperature_of_driest_quarter,mean_temperature_of_warmest_quarter,mean_temperature_of_coldest_quarter,precip_of_wettest_quarter,precip_of_driest_quarter,precip_of_warmest_quarter,precip_of_coldest_quarter,precip_seasonality,temp_seasonality,days_until_89_degree_days_hit,degree_days_hit_on_July_1st
1871,184,14.55,6.06,10.32,489.5,26.51,-11.04,37.55,126.3,33.0,24.69,19.83,0.81,19.83,0.81,254.8,234.7,254.8,234.7,0.2523,812.3523,7.0,12.8
1872,366,11.95,2.44,7.2,1049.5,27.45,-14.11,41.56,162.8,36.1,20.02,0.01,14.19,21.06,-6.53,367.0,140.4,332.7,209.4,0.4601,1257.329,129.0,642.2
1873,365,10.84,1.68,6.27,1046.45,26.48,-13.45,39.93,168.5,35.9,18.31,-0.06,12.54,18.91,-6.52,329.7,188.7,220.95,307.1,0.4602,1163.9836,142.0,523.4
1874,365,9.59,0.71,5.16,980.1,25.07,-14.72,39.79,137.45,42.0,16.56,-7.34,-0.36,18.54,-7.34,278.9,166.65,266.15,278.9,0.3844,1169.7037,148.0,415.4
1875,365,7.69,-1.54,3.08,999.74,24.64,-18.59,43.23,153.46,27.8,18.2,16.58,-11.42,16.58,-11.42,351.14,169.0,351.14,169.0,0.4394,1273.3514,146.0,431.27
1876,366,8.86,-0.25,4.31,952.08,25.52,-15.85,41.37,114.92,42.8,19.39,-8.0,-2.54,17.04,-8.0,264.1,201.01,262.48,264.1,0.2971,1185.8915,153.0,428.85
1877,365,9.75,0.49,5.13,885.68,25.13,-18.2,43.33,117.58,36.62,21.42,0.3,10.5,17.4,-7.9,251.31,189.6,205.18,239.59,0.3565,1089.3223,148.0,386.52
1878,365,10.04,1.12,5.59,1049.48,25.13,-16.48,41.61,125.59,28.24,22.71,0.34,-7.09,17.68,-7.09,354.02,187.7,268.64,187.7,0.3696,1103.125,144.0,402.61
1879,365,8.35,-1.48,3.44,1004.1,23.32,-16.93,40.25,115.5,43.48,22.34,15.43,9.23,15.43,-9.97,288.13,207.9,288.13,241.28,0.3151,1163.8911,149.0,332.71
1880,366,9.25,-0.96,4.15,915.06,23.92,-14.57,38.49,135.34,44.24,31.15,-2.09,-7.91,16.36,-7.91,268.87,202.51,228.56,202.51,0.3282,1106.5404,148.0,386.0
1881,365,8.82,-0.46,4.18,827.96,22.57,-17.59,40.16,94.2,43.08,22.44,-0.18,7.96,16.73,-8.0,240.87,161.84,236.41,188.84,0.2479,1050.0827,152.0,236.83
1882,365,8.02,-1.49,3.27,955.19,22.59,-17.65,40.24,123.78,43.09,26.47,15.74,-0.51,15.74,-8.99,327.74,169.42,327.74,240.08,0.3757,1070.5302,169.0,185.48
1883,365,7.45,-2.69,2.39,923.22,22.25,-20.33,42.58,123.32,27.68,26.63,15.26,-12.4,15.26,-12.4,247.22,203.85,247.22,203.85,0.3416,1183.4949,160.0,270.96
1884,366,7.71,-1.72,3.0,1017.74,22.78,-20.09,42.87,137.82,58.54,24.03,15.67,8.96,15.67,-10.73,294.69,208.33,294.69,250.01,0.2487,1145.9449,160.0,280.39
1885,365,7.31,-2.45,2.43,909.48,23.13,-19.12,42.25,116.91,44.0,26.63,-1.0,-12.67,14.95,-12.67,273.13,174.52,245.82,174.52,0.3198,1169.4184,149.0,271.66
1886,365,8.32,-1.49,3.42,931.35,22.11,-17.26,39.37,113.3,20.43,24.51,15.19,9.37,15.19,-9.59,317.19,182.67,317.19,210.35,0.3588,1099.2906,154.0,274.22
1887,365,7.72,-2.03,2.85,917.43,24.38,-20.09,44.47,126.57,27.37,27.03,-11.43,8.89,15.52,-11.43,272.33,168.64,218.46,272.33,0.3356,1184.6178,148.0,334.37
1888,366,6.87,-2.11,2.38,1099.11,22.38,-20.49,42.87,157.54,46.61,22.46,14.46,-11.02,14.46,-11.02,330.68,216.83,330.68,216.83,0.3174,1108.1388,161.0,264.05
1889,365,8.72,-0.42,4.16,999.06,22.15,-18.55,40.7,116.47,44.97,20.71,15.73,-7.97,15.73,-7.97,290.43,212.48,290.43,212.48,0.2697,1043.9284,140.0,314.91
1890,365,7.7,-2.0,2.85,1012.13,22.98,-18.03,41.01,144.06,39.62,27.92,15.37,-2.62,15.37,-9.17,310.72,229.51,310.72,232.8,0.3297,1109.0077,163.0,222.56
1891,365,9.11,-0.21,4.46,910.13,21.34,-16.04,37.38,104.96,46.75,25.92,15.81,8.49,15.81,-8.09,285.96,177.85,285.96,243.78,0.23,987.015,163.0,243.48
1892,366,8.39,-0.28,4.06,997.86,22.73,-13.83,36.56,151.36,31.22,24.89,15.9,-0.36,15.9,-7.82,305.04,198.75,305.04,235.39,0.4093,1018.2886,161.0,246.45
1893,365,7.93,-1.38,3.28,968.8,21.89,-18.0,39.89,149.21,51.08,23.06,15.12,8.21,15.12,-10.45,318.01,204.54,318.01,209.86,0.3645,1143.1271,156.0,301.49
1894,365,8.69,-0.64,4.03,827.91,22.67,-18.19,40.86,101.9,30.01,27.04,-0.02,9.23,15.16,-8.46,253.7,166.77,228.97,178.47,0.2938,1058.6526,161.0,292.41
1895,365,8.76,-0.47,4.15,921.38,21.76,-14.61,36.37,145.34,37.59,24.88,15.2,-8.56,15.2,-8.56,263.59,168.55,263.59,168.55,0.404,1022.5034,150.0,343.34
1896,366,7.91,-1.16,3.38,933.66,21.92,-14.43,36.35,128.38,33.57,22.28,-1.46,8.84,14.96,-8.89,269.29,164.86,257.56,241.95,0.4038,1052.053,157.0,260.15
1897,365,7.8,-1.47,3.17,859.14,23.74,-15.84,39.58,92.81,32.36,23.19,7.77,-9.24,15.26,-9.24,251.3,172.37,224.44,172.37,0.296,1055.1776,165.0,183.32
1898,365,8.41,-0.42,4.0,880.07,22.71,-18.61,41.32,107.78,38.03,25.77,15.8,-1.0,15.8,-7.8,244.16,211.1,244.16,212.64,0.2657,1067.4276,154.0,266.1
1899,365,7.17,-1.26,2.96,812.69,21.18,-16.96,38.14,126.5,27.46,23.23,14.6,7.94,14.6,-10.98,258.3,147.35,258.3,199.93,0.4279,1075.7375,160.0,217.16
1900,365,8.42,-1.12,3.66,966.6,21.45,-15.45,36.9,142.55,31.11,31.27,15.23,8.25,15.23,-8.98,302.75,168.69,302.75,286.81,0.4107,1055.0315,159.0,240.09
1901,365,8.78,-0.5,4.15,872.39,23.12,-16.91,40.03,99.3,49.53,26.61,-0.6,-9.42,16.13,-9.42,261.59,192.58,210.07,192.58,0.2361,1106.2102,152.0,322.36
1902,365,8.32,-0.7,3.82,981.9,21.38,-15.54,36.92,130.65,53.09,26.19,7.68,-6.47,15.38,-6.47,278.01,223.98,254.12,223.98,0.2834,984.3482,168.0,147.73
1903,365,7.98,-1.38,3.3,820.12,20.59,-16.64,37.23,110.64,26.02,26.54,-7.86,8.45,14.37,-7.86,238.68,159.0,226.9,238.68,0.3214,1041.5671,157.0,243.21
1904,366,6.64,-2.53,2.06,962.2,22.52,-20.31,42.83,136.78,38.15,23.14,14.63,-3.43,14.63,-11.89,315.13,170.85,315.13,245.67,0.3041,1210.2564,155.0,279.9
1905,365,7.93,-1.94,3.0,773.88,23.34,-21.95,45.29,101.79,36.38,26.14,15.67,9.24,15.67,-11.78,229.91,178.04,229.91,182.0,0.3046,1187.9623,155.0,289.35
1906,365,8.32,-1.32,3.5,820.12,23.47,-16.57,40.04,95.79,50.04,23.38,-1.66,-8.98,16.16,-8.98,254.19,171.47,209.04,171.47,0.2194,1109.4575,160.0,245.38
1907,365,7.02,-2.03,2.5,977.46,21.1,-20.32,41.42,145.87,54.03,23.83,14.71,-11.23,14.71,-11.23,325.74,182.54,325.74,182.54,0.3285,1086.7135,170.0,198.34
1908,366,8.62,-1.69,3.47,846.32,24.95,-17.2,42.15,97.54,36.73,25.65,-9.95,16.53,16.53,-9.95,237.63,186.7,186.7,237.63,0.2576,1162.0824,159.0,291.65
1909,365,8.49,-1.09,3.71,966.51,22.91,-17.42,40.33,124.49,65.37,26.7,15.6,0.4,15.6,-9.57,280.19,219.04,280.19,224.26,0.2153,1075.2166,160.0,253.64
1910,365,8.49,-1.24,3.63,874.29,23.75,-18.45,42.2,96.22,48.07,22.65,15.42,-8.07,15.42,-8.07,236.65,202.21,236.65,202.21,0.2111,1083.06,161.0,261.65
1911,365,8.62,-2.43,3.1,765.44,24.97,-21.62,46.59,94.4,23.33,30.61,15.95,-12.4,15.95,-12.4,233.69,165.7,233.69,165.7,0.3033,1231.6686,141.0,409.21
1912,366,7.18,-3.39,1.9,966.99,23.54,-24.96,48.5,138.5,44.7,24.74,14.43,-13.61,14.43,-13.61,281.79,164.27,281.79,164.27,0.3401,1199.6414,156.0,224.95
1913,365,9.24,-1.78,3.74,896.68,23.05,-22.48,45.53,115.62,44.78,24.64,15.11,8.79,15.11,-10.34,259.55,176.76,259.55,231.91,0.305,1094.6206,154.0,267.27
1914,365,8.13,-3.48,2.33,755.02,24.24,-24.48,48.72,84.19,45.36,24.4,-2.53,8.23,15.48,-12.12,217.46,168.96,195.6,173.0,0.2015,1242.4766,148.0,283.76
1915,365,9.51,-1.09,4.22,792.97,23.55,-16.39,39.94,98.35,27.25,27.39,15.63,-8.5,15.63,-8.5,241.59,171.44,241.59,171.44,0.268,1037.4604,157.0,266.86
1916,366,8.42,-2.47,2.98,916.07,25.9,-20.3,46.2,108.02,42.81,27.32,16.71,-12.19,16.71,-12.19,244.34,202.25,244.34,202.25,0.2788,1224.5967,158.0,272.38
1917,365,6.96,-3.71,1.63,962.05,23.95,-22.65,46.6,137.51,35.59,25.67,7.47,-12.45,15.98,-12.45,263.32,212.02,251.16,212.02,0.4301,1278.4246,166.0,208.23
1918,365,7.96,-2.89,2.54,998.7,23.5,-21.52,45.02,156.22,37.14,23.32,14.78,-12.64,14.78,-12.64,349.3,180.91,349.3,180.91,0.4263,1178.4752,150.0,249.19
1919,365,8.64,-2.09,3.28,892.8,24.17,-18.4,42.57,98.05,40.21,24.5,15.38,-8.59,15.38,-8.59,264.61,192.3,264.61,192.3,0.2504,1141.1955,153.0,361.52
1920,366,8.73,-2.21,3.26,923.89,24.58,-24.79,49.37,123.77,33.64,25.89,16.09,-11.57,16.09,-11.57,287.79,191.28,287.79,191.28,0.3337,1230.9941,150.0,336.01
1921,365,9.69,-1.73,3.99,795.45,27.67,-18.52,46.19,110.76,27.95,23.25,16.88,10.48,16.88,-8.86,259.58,128.45,259.58,168.41,0.3843,1181.7642,146.0,374.36
1922,365,9.0,-2.63,3.19,815.96,24.26,-20.67,44.93,150.2,44.65,27.71,10.12,-10.49,15.71,-10.49,283.25,154.27,188.56,154.27,0.4412,1199.4352,149.0,333.99
1923,365,8.24,-3.69,2.28,900.41,22.71,-23.47,46.18,116.19,41.75,27.46,0.85,-14.36,14.47,-14.36,260.05,185.64,229.77,185.64,0.2611,1197.6691,159.0,257.53
1924,366,8.16,-3.02,2.58,963.63,23.44,-21.71,45.15,154.04,32.34,29.41,15.28,-2.02,15.28,-10.92,344.7,175.5,344.7,184.73,0.4143,1193.291,166.0,213.13
1925,365,8.19,-2.71,2.74,917.9,24.36,-23.87,48.23,107.51,47.43,27.62,15.24,8.52,15.24,-9.81,264.88,204.24,264.88,222.37,0.2314,1134.8312,158.0,254.63
1926,365,7.04,-4.02,1.51,857.8,23.21,-19.76,42.97,101.32,46.24,26.62,14.54,-12.35,14.54,-12.35,258.62,157.29,258.62,157.29,0.2923,1165.8542,165.0,191.21
1927,365,8.62,-2.0,3.32,1008.0,23.41,-18.17,41.58,171.18,35.21,26.65,-0.52,-9.35,15.14,-9.35,367.24,150.84,277.26,150.84,0.4411,1068.5237,168.0,191.94
1928,366,7.9,-2.46,2.72,975.17,23.6,-20.32,43.92,106.4,51.94,26.37,15.51,-11.69,15.51,-11.69,285.68,209.71,285.68,209.71,0.2299,1158.7554,161.0,250.31
1929,365,7.61,-2.97,2.33,983.69,22.91,-19.87,42.78,100.55,39.85,26.04,7.99,-10.62,14.84,-10.62,269.88,207.17,263.97,207.17,0.2091,1152.5878,163.0,254.32
1930,365,8.93,-1.59,3.68,885.75,23.03,-18.88,41.91,132.37,32.93,26.72,15.55,-0.32,15.55,-10.43,288.13,140.37,288.13,193.1,0.41,1156.4298,155.0,367.24
1931,365,10.04,-0.84,4.61,872.57,25.32,-19.09,44.41,129.18,41.46,23.22,16.48,-8.99,16.48,-8.99,304.35,152.96,304.35,152.96,0.4053,1134.6087,149.0,346.54
1932,366,8.72,-2.03,3.35,1009.85,23.24,-18.62,41.86,130.18,40.89,24.87,15.82,8.73,15.82,-9.49,340.06,182.57,340.06,231.66,0.3105,1114.9632,155.0,292.7
1933,365,8.21,-2.79,2.71,921.74,24.04,-21.41,45.45,91.37,62.52,24.33,-5.92,-8.44,15.78,-8.44,241.37,200.36,240.86,200.36,0.1256,1199.5987,155.0,310.01
1934,365,7.59,-3.19,2.21,868.88,24.15,-25.63,49.78,114.78,48.0,23.84,9.22,-13.69,15.83,-13.69,243.35,181.15,231.07,181.15,0.2484,1301.0691,153.0,305.29
1935,365,8.0,-2.64,2.69,858.26,25.02,-22.68,47.7,116.44,38.18,23.65,16.01,-1.73,16.01,-12.61,279.43,179.95,279.43,183.71,0.3476,1251.2194,156.0,289.61
1936,366,7.81,-2.62,2.6,1088.17,22.91,-20.39,43.3,121.65,59.48,22.42,8.51,-9.93,14.93,-9.93,286.91,253.5,265.65,253.5,0.191,1143.6069,157.0,277.76
1937,365,9.61,-1.07,4.28,978.47,25.29,-16.73,42.02,115.39,44.14,29.68,17.08,-8.98,17.08,-8.98,292.92,199.93,292.92,199.93,0.2648,1153.5436,148.0,364.36
1938,365,9.14,-1.71,3.72,986.74,24.12,-19.37,43.49,153.93,39.87,26.21,16.01,-0.3,16.01,-10.87,380.89,187.66,380.89,195.11,0.3859,1177.1165,153.0,340.05
1939,365,7.78,-2.59,2.6,977.71,24.23,-19.58,43.81,119.95,34.43,24.79,16.29,-1.7,16.29,-12.44,327.12,206.31,327.12,213.71,0.327,1213.0236,159.0,266.65
1940,366,7.74,-2.34,2.71,914.71,23.83,-18.29,42.12,121.62,38.74,21.2,8.29,-10.92,15.93,-10.92,263.58,176.9,228.14,176.9,0.3165,1171.7186,154.0,269.72
1941,365,8.73,-1.81,3.47,921.31,24.95,-19.61,44.56,120.14,42.88,23.03,-1.31,-10.43,15.52,-10.43,294.49,155.52,287.47,155.52,0.3136,1129.4878,152.0,320.82
1942,365,8.65,-1.81,3.43,958.78,22.9,-20.04,42.94,109.33,48.44,26.57,15.52,10.14,15.52,-9.51,258.01,217.46,258.01,232.35,0.2164,1188.8096,142.0,370.8
1943,365,7.05,-3.24,1.91,949.91,23.92,-21.08,45.0,127.97,49.33,22.07,6.89,-12.41,15.26,-12.41,265.79,186.85,261.88,186.85,0.3492,1218.8936,161.0,240.68
1944,366,8.41,-2.17,3.12,843.16,24.36,-19.75,44.11,112.68,40.2,21.95,16.64,-10.83,16.64,-10.83,289.26,158.52,289.26,158.52,0.3279,1205.6331,150.0,323.97
1945,365,8.19,-1.87,3.16,1019.25,23.58,-21.25,44.83,127.1,55.14,23.33,15.74,-9.65,15.74,-9.65,310.28,201.78,310.28,201.78,0.2527,1150.2783,163.0,254.27
1946,365,8.52,-2.39,3.07,931.09,22.76,-21.27,44.03,105.91,45.44,23.23,-1.35,-10.13,15.49,-10.13,269.15,190.93,255.22,190.93,0.202,1162.2982,162.0,252.78
1947,365,8.35,-2.22,3.07,966.1,24.75,-19.26,44.01,120.21,32.81,27.08,6.19,-0.97,16.4,-9.58,299.01,161.17,274.64,231.27,0.3308,1168.358,171.0,215.97
1948,366,8.49,-2.63,2.94,827.86,23.69,-23.6,47.29,99.95,45.02,22.5,0.47,-13.43,16.38,-13.43,233.14,164.92,218.94,164.92,0.2461,1232.7334,159.0,244.06
1949,365,8.94,-2.05,3.45,907.09,24.73,-19.03,43.76,100.04,50.55,25.3,15.82,-10.41,15.82,-10.41,265.22,200.85,265.22,200.85,0.2188,1159.1117,157.0,318.89
1950,365,8.1,-2.88,2.61,990.56,22.85,-20.95,43.8,134.46,41.08,28.65,-0.52,-12.0,14.38,-12.0,301.61,227.5,231.99,227.5,0.3292,1140.169,151.0,293.75
1951,365,8.62,-2.09,3.27,1041.16,22.97,-18.09,41.06,115.72,46.99,27.42,15.0,9.6,15.0,-9.26,290.24,216.66,290.24,256.53,0.1993,1108.058,151.0,290.82
1952,366,9.1,-1.47,3.82,1028.18,25.95,-20.22,46.17,109.91,54.64,28.89,16.46,-9.32,16.46,-9.32,301.24,222.11,301.24,222.11,0.2308,1106.5092,157.0,282.53
1953,365,9.85,-1.03,4.42,878.4,23.7,-17.17,40.87,103.34,39.65,29.53,15.46,0.68,15.46,-8.35,251.2,191.37,251.2,243.09,0.3035,1035.6082,158.0,295.48
1954,365,7.94,-2.25,2.85,1178.04,21.75,-22.56,44.31,144.89,60.8,26.02,14.23,-10.46,14.23,-10.46,361.79,223.04,361.79,223.04,0.2321,1108.459,161.0,277.65
1955,365,8.64,-2.06,3.3,893.23,26.03,-18.53,44.56,113.95,45.64,21.14,16.24,10.19,16.24,-11.17,287.15,175.99,287.15,237.09,0.3016,1244.0799,151.0,367.14
1956,366,7.57,-3.17,2.21,888.89,21.08,-16.79,37.87,109.84,49.1,21.55,13.61,-10.03,13.61,-10.03,298.53,180.8,298.53,180.8,0.2449,1056.5932,165.0,215.24
1957,365,8.65,-2.4,3.13,955.06,22.62,-24.79,47.41,140.95,34.11,26.77,14.72,-11.23,14.72,-11.23,287.39,147.23,287.39,147.23,0.4644,1139.2436,155.0,300.52
1958,365,7.97,-2.31,2.84,1017.09,22.69,-21.11,43.8,130.59,41.72,21.94,15.04,-3.76,15.04,-7.96,349.67,210.12,349.67,218.02,0.3365,1112.9099,170.0,170.8
1959,365,8.46,-2.49,2.99,952.53,25.94,-23.66,49.6,123.79,43.49,20.6,17.0,-12.52,17.0,-12.52,283.87,191.12,283.87,191.12,0.3394,1258.2079,148.0,309.23
1960,366,8.82,-1.63,3.6,944.35,23.37,-17.92,41.29,124.83,50.9,25.14,15.34,-1.34,15.34,-9.58,249.3,222.02,249.3,243.19,0.2759,1123.9744,147.0,372.35
1961,365,8.58,-1.69,3.45,913.03,23.13,-22.94,46.07,112.32,46.94,24.83,16.56,-11.85,16.56,-11.85,299.28,165.31,299.28,165.31,0.2847,1188.1306,163.0,235.53
1962,365,7.94,-2.8,2.58,939.19,22.5,-22.9,45.4,122.59,36.61,25.62,14.65,-11.53,14.65,-11.53,290.27,173.51,290.27,173.51,0.283,1195.5522,151.0,313.18
1963,365,8.02,-2.72,2.66,971.52,24.08,-21.58,45.66,155.75,41.16,21.73,14.54,-11.87,14.54,-11.87,361.78,183.25,361.78,183.25,0.4266,1234.4861,154.0,316.44
1964,366,8.45,-2.21,3.13,919.18,23.53,-16.88,40.41,105.06,44.76,25.59,14.61,-9.31,14.61,-9.31,255.99,210.77,255.99,210.77,0.2613,1070.638,146.0,296.66
1965,365,7.64,-2.79,2.43,956.64,21.3,-20.31,41.61,153.66,22.16,27.08,14.18,-11.1,14.18,-11.1,361.27,149.96,361.27,149.96,0.4704,1121.5732,157.0,281.53
1966,365,8.7,-1.43,3.64,1002.22,23.41,-16.0,39.41,116.45,25.52,23.32,14.81,8.5,14.81,-8.41,318.22,169.73,318.22,214.36,0.3326,1036.8982,156.0,299.49
1967,365,7.88,-2.62,2.64,998.38,23.96,-22.78,46.74,110.56,23.94,21.22,16.01,-11.95,16.01,-11.95,312.55,166.1,312.55,166.1,0.3074,1200.3466,160.0,268.42
1968,366,8.13,-2.14,3.0,910.95,23.52,-21.5,45.02,110.99,44.49,24.14,-1.25,9.19,15.52,-11.55,277.53,182.73,245.11,205.58,0.2611,1193.435,156.0,250.51
1969,365,8.39,-1.23,3.59,1032.6,22.9,-14.11,37.01,114.84,46.87,24.43,15.32,-7.95,15.32,-7.95,297.98,189.68,297.98,189.68,0.2458,1025.0214,162.0,246.21
1970,365,8.11,-2.24,2.94,950.82,24.79,-22.23,47.02,126.75,33.84,22.71,16.08,-11.68,16.08,-11.68,313.51,164.4,313.51,164.4,0.291,1249.9711,156.0,276.67
1971,365,8.29,-2.21,3.04,1025.25,22.69,-21.01,43.7,149.25,56.57,24.39,15.72,8.73,15.72,-10.98,339.58,195.4,339.58,247.78,0.2797,1189.8936,154.0,295.48
1972,366,7.12,-3.39,1.87,1151.63,23.09,-20.45,43.54,129.75,39.44,29.63,14.99,8.11,14.99,-11.96,355.37,228.07,355.37,258.23,0.3128,1195.4044,151.0,301.36
1973,365,9.14,-0.54,4.3,1149.03,24.87,-18.7,43.57,136.14,67.06,22.84,16.56,-8.38,16.56,-8.38,321.56,221.03,321.56,221.03,0.2426,1129.8996,158.0,319.67
1974,365,7.69,-2.45,2.62,1071.15,23.18,-19.69,42.87,130.7,46.1,25.89,8.09,-11.6,15.16,-11.6,320.3,211.31,303.54,211.31,0.2731,1139.1946,160.0,265.58
1975,365,9.08,-1.59,3.75,990.72,25.71,-17.22,42.93,125.89,48.06,24.74,16.39,-9.91,16.39,-9.91,306.34,213.44,306.34,213.44,0.2708,1196.3142,145.0,385.15
1976,366,7.79,-2.82,2.49,1206.96,23.4,-21.87,45.27,132.95,63.05,26.73,15.04,-4.38,15.04,-10.76,353.5,275.41,353.5,295.56,0.2202,1219.2708,156.0,355.59000000000003
1977,365,8.67,-1.27,3.71,1014.0,23.2,-19.76,42.96,126.54,40.63,22.63,14.96,-8.76,14.96,-8.76,285.93,215.07,285.93,215.07,0.291,1100.1186,143.0,339.47
1978,365,8.05,-2.81,2.62,953.27,23.94,-18.55,42.49,116.37,21.3,22.71,-2.36,-11.53,14.89,-11.53,272.17,212.61,231.75,212.61,0.3449,1181.8462,147.0,356.47
1979,365,9.09,-0.81,4.15,1079.95,24.89,-20.38,45.27,129.32,28.44,19.79,15.52,-9.44,15.52,-9.44,349.36,206.2,349.36,206.2,0.2925,1130.545,141.0,365.61
1980,366,7.88,-2.38,2.75,1024.93,23.42,-20.01,43.43,149.61,25.51,22.06,15.4,-9.52,15.4,-9.52,403.45,138.7,403.45,138.7,0.4276,1167.6898,154.0,268.44
1981,365,9.3,-0.67,4.33,1149.08,24.44,-21.8,46.24,143.97,42.48,25.06,15.71,-7.86,15.71,-7.86,338.38,201.82,338.38,201.82,0.3184,1058.4334,151.0,318.13
1982,365,8.48,-2.45,3.02,953.81,24.02,-23.66,47.68,117.07,38.54,24.92,14.95,-12.08,14.95,-12.08,293.95,185.73,293.95,185.73,0.3388,1168.2271,149.0,295.4
1983,365,9.18,-0.95,4.12,1192.92,24.28,-15.75,40.03,166.84,47.63,23.81,-1.74,-7.91,16.77,-7.91,365.22,228.73,249.1,228.73,0.3649,1118.0067,163.0,299.7
1984,366,8.95,-1.56,3.7,961.6,23.89,-21.11,45.0,128.2,40.73,25.44,9.34,-10.12,15.98,-10.12,287.89,157.33,284.85,157.33,0.3732,1133.2278,159.0,283.81
1985,365,8.19,-2.42,2.89,949.0,23.43,-20.42,43.85,137.96,40.92,22.53,15.79,-10.35,15.79,-10.35,302.95,182.78,302.95,182.78,0.3117,1167.8368,155.0,259.77
1986,365,8.39,-2.33,3.04,1101.04,22.29,-18.35,40.64,137.02,30.01,27.36,14.43,-10.05,14.43,-10.05,384.77,201.3,384.77,201.3,0.3638,1089.2754,144.0,300.38
1987,365,9.36,-1.23,4.07,937.99,24.25,-18.44,42.69,124.55,21.41,23.49,15.69,-9.15,15.69,-9.15,282.45,141.27,282.45,141.27,0.3626,1106.6668,148.0,363.95
1988,366,8.83,-1.7,3.57,1011.26,25.28,-18.42,43.7,154.89,40.94,25.35,16.22,-9.9,16.22,-9.9,320.96,187.86,320.96,187.86,0.3626,1161.0165,148.0,318.43
1989,365,8.26,-3.01,2.63,987.44,25.1,-22.89,47.99,125.45,39.84,26.46,-4.79,-10.95,16.19,-10.95,290.91,182.74,257.4,182.74,0.3337,1297.0729,145.0,361.63
1990,365,9.43,-1.12,4.16,1160.18,24.0,-18.01,42.01,141.28,48.22,24.26,-0.71,-8.32,16.06,-8.32,355.21,207.91,322.78,207.91,0.2773,1075.6671,153.0,312.57
1991,365,9.29,-1.67,3.81,976.99,24.35,-20.97,45.32,135.95,43.82,26.41,15.61,-9.56,15.61,-9.56,298.08,201.36,298.08,201.36,0.3522,1164.5726,148.0,360.13
1992,366,7.81,-2.66,2.58,1010.39,21.41,-19.24,40.65,157.46,50.87,26.1,14.79,8.84,14.79,-11.73,364.6,206.36,364.6,231.3,0.3457,1136.4327,149.0,309.81
1993,365,8.23,-2.46,2.89,1128.62,23.85,-23.37,47.22,130.89,57.66,23.13,16.05,-11.93,16.05,-11.93,341.3,193.44,341.3,193.44,0.252,1218.4248,158.0,290.85
1994,365,8.43,-2.08,3.18,1082.95,24.24,-25.62,49.86,148.08,42.32,23.59,9.09,-12.99,15.64,-12.99,348.28,204.37,322.88,204.37,0.3498,1249.2629,160.0,314.79
1995,365,8.98,-1.57,3.71,1091.71,25.03,-19.28,44.31,142.22,54.66,19.48,-1.83,9.22,16.03,-8.81,342.41,219.07,287.39,242.84,0.2937,1176.5177,153.0,346.18
1996,366,8.55,-1.49,3.53,1134.87,23.31,-20.09,43.4,180.97,36.48,27.49,16.05,-10.54,16.05,-10.54,341.74,208.43,341.74,208.43,0.3796,1128.6642,157.0,304.63
1997,365,8.12,-2.41,2.86,976.47,23.62,-18.56,42.18,113.5,46.64,25.25,15.36,-1.56,15.36,-10.97,295.81,188.13,295.81,263.78,0.2795,1138.0269,161.0,277.99
1998,365,10.34,0.3,5.33,1022.3,23.65,-15.39,39.04,125.47,46.49,24.74,16.23,0.38,16.23,-7.0,311.82,227.32,311.82,250.08,0.2999,1036.018,135.0,426.27
1999,365,10.76,0.18,5.48,1058.42,25.03,-18.21,43.24,164.27,34.9,26.41,17.41,11.64,17.41,-7.82,345.75,211.46,345.75,229.92,0.4029,1114.4933,137.0,478.02
2000,366,8.96,-1.04,3.97,1096.32,22.94,-17.63,40.57,123.29,62.86,25.09,8.97,-7.65,15.57,-7.65,331.97,220.59,289.38,220.59,0.2308,1078.766,158.0,273.35
2001,365,10.37,-0.22,5.08,900.82,24.9,-17.46,42.36,104.85,35.34,25.59,16.64,-9.51,16.64,-9.51,276.13,183.54,276.13,183.54,0.3081,1113.057,141.0,417.61
2002,365,9.54,-0.7,4.43,961.05,24.79,-14.29,39.08,112.39,46.99,22.59,9.03,-7.67,17.57,-7.67,305.62,194.29,239.95,194.29,0.2903,1076.8003,152.0,293.94
2003,365,8.95,-1.38,3.79,1141.32,23.53,-19.75,43.28,155.31,32.98,22.92,0.03,-11.61,17.26,-11.61,425.88,162.31,306.06,162.31,0.3855,1220.6586,152.0,341.46
2004,366,8.78,-1.74,3.53,989.33,23.84,-21.12,44.96,135.35,43.41,19.8,16.3,-10.16,16.3,-10.16,328.55,152.72,328.55,152.72,0.3226,1177.8316,154.0,284.19
2005,365,9.84,-0.6,4.62,1126.35,25.44,-20.14,45.58,142.24,42.85,24.62,0.08,-9.81,17.45,-9.81,342.05,151.79,338.16,151.79,0.3759,1191.884,154.0,372.84
2006,365,10.46,0.72,5.6,1179.86,25.28,-15.13,40.41,162.58,43.31,22.84,1.44,-6.81,16.25,-6.81,324.28,226.73,322.38,226.73,0.3027,1019.8122,147.0,411.53
2007,365,9.15,-1.39,3.88,1084.16,23.39,-18.98,42.37,116.65,44.09,22.66,-0.62,-9.99,16.0,-9.99,325.18,190.17,315.33,190.17,0.2538,1166.2232,148.0,362.08
2008,366,9.4,-1.01,4.2,1179.41,23.86,-16.37,40.23,136.33,71.72,25.5,16.57,-9.27,16.57,-9.27,329.17,266.75,329.17,266.75,0.2232,1131.0879,156.0,335.5
2009,365,9.02,-1.13,3.95,1030.53,23.24,-21.53,44.77,145.28,45.48,24.19,16.04,-10.13,16.04,-10.13,300.15,182.67,300.15,182.67,0.2991,1130.7674,158.0,298.27
2010,365,10.78,1.17,5.99,1052.09,25.47,-12.33,37.8,182.38,42.99,20.5,17.25,-4.95,17.25,-4.95,365.96,151.29,365.96,151.29,0.436,1000.8976,143.0,388.29
2011,365,9.7,-0.17,4.77,1170.76,25.15,-16.6,41.75,169.59,42.95,19.43,17.15,-9.29,17.15,-9.29,380.37,215.84,380.37,215.84,0.336,1119.248,151.0,327.64
2012,366,10.4,0.12,5.27,970.2,24.95,-16.51,41.46,119.39,30.3,25.49,17.04,-7.09,17.04,-7.09,273.95,165.42,273.95,165.42,0.3686,1089.2087,144.0,411.05
2013,365,8.98,-1.01,3.99,1039.84,24.94,-17.39,42.33,131.99,53.15,25.84,9.47,-8.0,16.27,-8.0,312.5,174.2,298.92,174.2,0.2889,1139.9333,143.0,329.15
2014,365,8.63,-1.44,3.6,1040.64,23.46,-17.98,41.44,118.62,49.92,24.18,9.87,-11.95,16.25,-11.95,305.77,180.04,288.31,180.04,0.2533,1206.5384,150.0,368.88
2015,365,8.73,-1.74,3.5,1007.12,23.37,-24.53,47.9,120.22,38.93,24.86,17.18,-14.11,17.18,-14.11,319.54,145.79,319.54,145.79,0.3072,1276.1023,147.0,317.98
2016,366,9.36,-0.82,4.28,1071.8,23.94,-15.79,39.73,143.75,47.2,22.85,0.19,8.59,16.67,-8.43,310.04,222.34,296.78,242.64,0.3127,1099.6634,151.0,336.52
2017,365,9.18,-0.84,4.18,1133.49,23.16,-15.19,38.35,138.57,64.43,21.96,9.67,-8.28,16.22,-8.28,346.39,228.58,246.46,228.58,0.2553,1115.1443,152.0,319.34
2018,365,7.51,-2.56,2.47,946.94,24.7,-18.2,42.9,98.98,40.21,23.94,16.07,-8.89,16.07,-8.89,272.95,204.25,272.95,204.25,0.23,1106.5767,168.0,188.39
2019,365,6.8,-3.34,1.73,940.37,23.66,-20.6,44.26,105.63,56.47,24.4,6.67,-12.51,14.89,-12.51,265.61,194.49,244.78,194.49,0.2101,1171.5107,171.0,175.7
2020,366,8.18,-2.06,3.06,928.87,24.4,-17.46,41.86,121.84,42.17,22.03,15.55,7.34,15.55,-10.09,321.91,158.31,321.91,173.31,0.3625,1086.1998,162.0,279.38
2021,365,9.24,-0.84,4.2,830.68,23.91,-16.71,40.62,113.43,29.39,18.0,15.79,-8.59,15.79,-8.59,245.6,132.62,245.6,132.62,0.3439,1073.036,156.0,286.59
2022,365,8.04,-2.29,2.88,994.41,22.77,-23.89,46.66,109.9,37.46,26.36,15.53,-12.9,15.53,-12.9,286.26,177.81,286.26,177.81,0.2346,1202.1632,157.0,266.17
2023,365,8.98,-0.84,4.07,923.67,23.78,-20.29,44.07,144.29,40.71,20.79,16.36,-9.68,16.36,-9.68,344.37,141.15,344.37,141.15,0.4529,1112.1827,159.0,272.39
2024,366,9.72,-0.1,4.81,879.39,24.04,-14.89,38.93,121.88,28.66,23.45,16.62,-7.42,16.62,-7.42,264.8,160.17,264.8,160.17,0.3321,1056.5574,154.0,321.94
2025,99,-4.71,-14.5,-9.61,182.99,0.55,-18.17,18.72,71.2,22.4,43.38,-10.13,-4.45,-4.45,-10.13,160.59,22.4,22.4,160.59,0.2347,223.2679,,
